[
    {
      "name": "SeaFood Special",
      "image": "seafoods.jpg",
      "subHeading": "Fried Salmon Special",
      "description": "I'm a product overview. Here you can write more information about your product. Buyers like to know ..."
    },
    {
      "name": "Sumptuous Desserts",
      "image": "desserts.jpg",
      "subHeading": "Choco Ice Cream Sandwich",
      "description": "I'm a product overview. Here you can write more information about your product. Buyers like to know ..."
    },
    {
      "name": "Buffet",
      "image": "buffet.jpg",
      "subHeading": "Mixed Buffet",
      "description": "I'm a product overview. Here you can write more information about your product. Buyers like to know ..."
    }
]